﻿<?xml version="1.0" encoding="utf-8" standalone="yes"?>
<languages>
    <language name="English" id="en">
        <languagemanager>
            <gadget>
                <title>Languages</title>
                <description>Helps editors to manage multi-lingual content on the website.</description>

                <managewebsitelanguages>Manage Website Languages</managewebsitelanguages>
                <languagesettings>Manage Editable Languages for this Page</languagesettings>

                <settings>Manage Add-on Settings</settings>

                <master>Master</master>
                <back>Back</back>

                <create>Create</create>
                <published>Published</published>
                <draft>Draft</draft>
                <notcreatedyet>Not created yet</notcreatedyet>

                <clicktoswitchlanguage>Click to switch to this language branch</clicktoswitchlanguage>
                <editingforlanguageisdisabled>Editing for this language is disabled</editingforlanguageisdisabled>
                <contentnotsupport>This content type is not supported.</contentnotsupport>

                <!--Context menu-->
                <createpagein>Create content in {name}</createpagein>
                <create>Create</create>
                <deletelanguagebranch>Delete All {name} Versions</deletelanguagebranch>
                <createlanguagebranch>Start with a blank page</createlanguagebranch>
                <comparewithmasterlanguage>Compare with {name} (Master)</comparewithmasterlanguage>
                <replacecontent>Replace Content</replacecontent>
                <copyfrommaster>Duplicate {name} content</copyfrommaster>
                <copyfrom>Duplicate content</copyfrom>
                <translateandcopyfrommaster>Auto-translate from {name}</translateandcopyfrommaster>
                <translateandcopyfrom>Auto-translate</translateandcopyfrom>
                <disableediting>Disable Editing for {name}</disableediting>
                <enableediting>Enable Editing for {name}</enableediting>
                <addtotranslationproject>Add to Translation Project</addtotranslationproject>

                <!--injecting menu items in Project view-->
                <uploadtranslationpackages>Upload Translation Package(s)</uploadtranslationpackages>
                <downloadtranslationpackage>Download Translation Package</downloadtranslationpackage>

                <!--dialog-->
                <deletelanguagebranchtitle>Delete Language</deletelanguagebranchtitle>
                <deletelanguagebranchconfirmation>
                    You are about to delete the page {pageName} in {languageName}.The page including all its versions will be deleted. This action cannot be undone.
                </deletelanguagebranchconfirmation>
                <deleteconfirmactiontext>Delete {languageName}</deleteconfirmactiontext>
                <deletefailedalert>
                  <heading>
                    Warning
                  </heading>
                  <message>
                    Error occurs while deleting language branch, please check the logs for more details.
                  </message>
                </deletefailedalert>
                <autotranslateconfirmation>
                    You are about to replace content on the page {pageName} in {toLanguage} with an auto-translation from {fromLanguage}.&lt;br&gt;&lt;br&gt;
                    The content will be overwritten. This action cannot be undone.
                </autotranslateconfirmation>
                <duplicatecontentconfirmation>
                    You are about to replace content on the page {pageName} in {toLanguage} with {fromLanguage}.&lt;br&gt;&lt;br&gt;
                    The content will be overwritten. This action cannot be undone.
                </duplicatecontentconfirmation>
                <autotranslationalert>
                  <heading>
                    Warning
                  </heading>
                  <message>
                    Error occurs while translating content, please check the logs for more details.
                  </message>
                </autotranslationalert>
            </gadget>

            <compareediting>
                <replaceselectedcontent>Replace Selected Content</replaceselectedcontent>
                <duplicatecontent>Duplicate {name} Content</duplicatecontent>
                <autotranslate>Auto-translate from {name}</autotranslate>
                <closecompare>Close Compare</closecompare>
                <comparing>Comparing &lt;strong&gt;{masterLanguageName}&lt;/strong&gt; with &lt;strong&gt;{languageName}&lt;/strong&gt;</comparing>
                <reverttopublishconfirmation>
                    <confirmquestion>Would you like to revert to the published version?</confirmquestion>
                    <description>All changes that has been made so far in this version will be discarded.</description>
                    <dialogtitle>Revert to Published</dialogtitle>
                </reverttopublishconfirmation>
            </compareediting>

            <settingview>
                <title>Manage Add-on Settings</title>
                <subtitle>Be careful when you change the configuration settings for the EPiServer Languages add-on. The add-on will not work properly if the settings are incorrect.</subtitle>
                <name>Name</name>
                <consumerkey>Consumer key</consumerkey>
                <consumersecret>Consumer secret</consumersecret>
                <desc>Description (optional)</desc>
                <savebutton>Save</savebutton>
                <savesuccess>Settings have been saved</savesuccess>
                <savefailed>Could not save</savefailed>
                <accessdenied>Access denied</accessdenied>
                <subscriptionkey>Subscription Key</subscriptionkey>
                <subscriptionregion>Subscription Region</subscriptionregion>

                <translatorprovider>Translator Provider</translatorprovider>

                <providersettings>Provider settings</providersettings>
                <othersettings>Other settings</othersettings>
                <translationfolder>Translation folder</translationfolder>
                <translationfolderdesc>Note: Translation folder is the folder located under module root, the translation packages inside this folder will be imported automatically.</translationfolderdesc>
            </settingview>

            <addtoproject>
                <heading>Add to translation</heading>
                <description>Make your selections below</description>
                <notification>
                    <existingcontent>The current content already exists in the selected project.</existingcontent>
                </notification>
                <options>
                    <addallchildren>Add all children</addallchildren>
                    <addrelatedblocks>Add related contents that need translation</addrelatedblocks>
                    <addtoproject>Add to translation project</addtoproject>
                </options>
            </addtoproject>

            <dulicatecontent>
                <heading>Duplicate content</heading>
                <description>Please choose a source language to duplicate from</description>
            </dulicatecontent>

            <translatecontent>
                <heading>Translate content</heading>
                <description>Please choose a source language to translate from</description>
            </translatecontent>

            <admin>
                <displayname>Language Manager</displayname>
                <save>Save</save>
                <translatorprovider>
                  <cognitiveservicetranslator>Cognitive Service Translator</cognitiveservicetranslator>
                </translatorprovider>
                <notificationprovider>
                    <description>Notification Provider</description>
                    <type>Type</type>
                    <usernotificationprovider>User Notification</usernotificationprovider>
                    <usernotificationsubject>Translation package has been imported.</usernotificationsubject>
                </notificationprovider>
                <message>
                    <savesuccess>Your configuration has been successfully saved.</savesuccess>
                    <saveerror>Error while saving: {0}.</saveerror>
                    <translatesuccess>The project "{0}" has been successfully translated.</translatesuccess>
                    <notexisted>Failed to translate project ID: {0}. The project no longer exists.</notexisted>
                    <importfailed>Failed to translate project {0}. See log file for details.</importfailed>
                    <invalidprojectid>The translation package {0} does not contain valid project Id.</invalidprojectid>
                    <foldernamemustnotbeempty>The name of translation folder must not be empty.</foldernamemustnotbeempty>
                    <mustnotcontainsspecialcharacters>The name of translation folder must not contain special characters: \ / : * ? " &lt; &gt; |</mustnotcontainsspecialcharacters>
                </message>
            </admin>

            <plugin>
                <importtranslationsjob>
                    <displayname>Import Translation Packages</displayname>
                    <description>Check for translation packages and import them to corresponding projects if there are any.</description>
                    <notranslationsimported>No translations imported.</notranslationsimported>
                    <notranslationfolderconfig>No setting for translation folder. Please go to admin to config.</notranslationfolderconfig>
                    <translationsimported>Translation package(s) has been successfully imported for project(s): {0}.</translationsimported>
                </importtranslationsjob>                
            </plugin>
        </languagemanager>
    </language>
</languages>