﻿<?xml version="1.0" encoding="utf-8" ?>
<languages>
  <language name="English" id="en">
    <episerver>
      <personalization>
        <menu>
          <personalization>Personalization</personalization>
          <perform>Perform</perform>
          <reach>Reach</reach>
        </menu>
        <admin>
          <displayname>Personalization</displayname>
          <description>Enter your authentication credentials for the Personalization Portal.</description>
          <remoteurl>Site URL</remoteurl>
          <email>Email</email>
          <password>Password</password>
          <key>Key</key>
          <initializationvector>Initialization Vector</initializationvector>
          <message>
            <success>Configuration has been saved successfully.</success>
            <cancel>Change to configuration has been rolled back.</cancel>
            <generatekeysuccess>New key has been generated.</generatekeysuccess>
            <restorekeysuccess>Key has been restored to old value.</restorekeysuccess>
            <error>Error while saving configuration: {0}.</error>
            <generatekeyerror>Error while generating new key.</generatekeyerror>
            <restorekeyerror>Error while restoring old key.</restorekeyerror>
            <emptysiteurl>Site URL cannot be empty.</emptysiteurl>
            <emptyemail>Email cannot be empty.</emptyemail>
            <emptypassword>Password cannot be empty.</emptypassword>
            <emptykey>Encryption key cannot be empty.</emptykey>
            <emptyvector>Encryption initialization vector cannot be empty.</emptyvector>
            <changewarning>Login credentials have been changed. Do you want to save?</changewarning>
          </message>
          <label>
            <generatekeybutton>Generate new key</generatekeybutton>
            <restorekeybutton>Restore Old Key</restorekeybutton>
          </label>
          <tooltip>
            <generatekeybutton>Generate cryptography key for Personalization Portal</generatekeybutton>
            <restorekeybutton>Restore cryptography key to previious value</restorekeybutton>
          </tooltip>
        </admin>
      </personalization>
    </episerver>
  </language>
</languages>
