<?xml version="1.0" encoding="utf-8" ?>
<languages>
  <language name="Svenska" id="sv">
      <changelog>
        <activitytypes>
            <changeapproval>
                <approve>Godkänn</approve>
                <approvestep>Godkänn steg</approvestep>
                <description>Godkänn ändringar</description>
                <reject>Neka</reject>
                <rejectstep>Neka steg</rejectstep>
            </changeapproval>
        </activitytypes>
    </changelog>
    <episerver>
      <changeapproval>
        <uinotification>
          <contentdeleted>Innehållet för den här notifieringen har tagits bort</contentdeleted>
          <stepcountoftotalsteps>Steg {0} av {1}</stepcountoftotalsteps>
          <requestedby>Begärt av {0}</requestedby>
          <donothaveaccessright>{0} har gjort en åtgärd på ett objekt du inte har rättigheter att se.</donothaveaccessright>
        </uinotification>
          <inreviewmessagebar>
              <securitysettingcommand>Ändrade användarrättigheter för det här innehållet är under granskning. Nya ändringar kan inte göras förrän granskningen har avslutats.</securitysettingcommand>
              <languagesettingcommand>Ändrade språkinställningar för det här innehållet är under granskning. Nya ändringar kan inte göras förrän granskningen har avslutats.</languagesettingcommand>
              <movingcontentcommand>En ändrad position i strukturen för det här innehållet är under granskning. Nya ändringar kan inte göras förrän granskningen har avslutats.</movingcontentcommand>
              <expirationdatesettingcommand>Ändrat utgångsdatum för det här innehållet på {language} är under granskning. Nya ändringar kan inte göras förrän granskningen har avslutats.</expirationdatesettingcommand>
          </inreviewmessagebar>
        <decision>
          <approved>godkänd</approved>
          <declined>nekad</declined>
        </decision>
        <errormessage>
          <approvalcommandnotfound>Kommandot hittades inte.</approvalcommandnotfound>
          <approvalhaschangedstatus>Granskningen är inte längre aktuell. Ladda om sidan.</approvalhaschangedstatus>
          <approvalcommandinvalid>Det här kommandot kan inte granskas.</approvalcommandinvalid>
          <approvalcommentrequired>Granskningsflödet kräver en kommentar.</approvalcommentrequired>
          <nochangeapprovalfound>Det finns ingen granskning av det här innehållet.</nochangeapprovalfound>
        </errormessage>
        <command>
          <approvechanges>
            <label>Godkänn ändringar</label>
            <title>Godkänn ändringar</title>
            <placeholder>Motivera varför du godkänner ändringarna…</placeholder>
            <confirmactiontext>Godkänn ändringar</confirmactiontext>
          </approvechanges>
          <rejectchanges>
            <label>Neka ändringar</label>
            <title>Neka ändringar</title>
            <placeholder>Motivera varför du nekar ändringarna…</placeholder>
            <confirmactiontext>Neka ändringar</confirmactiontext>
          </rejectchanges>
          <forcecomplete>
            <label>Godkänn hela granskningsflödet</label>
            <title>Godkänn hela granskningsflödet</title>
            <description>Är du säker på att du vill godkänna hela granskningsflödet? Detta kommer att godkänna alla återstående steg. Det går inte att ångra den här åtgärden.</description>
            <placeholder>Ange skälet till att du godkänner hela flödet…</placeholder>
            <confirmactiontext>Godkänn granskningsflöde</confirmactiontext>
          </forcecomplete>
          <cancel>
            <label>Avbryt granskning</label>
          </cancel>
        </command>
        <accesslevels>
          <NoAccess>Ingen åtkomst</NoAccess>
          <Read>Läsa</Read>
          <Create>Skapa</Create>
          <Edit>Ändra</Edit>
          <Delete>Ta bort</Delete>
          <Publish>Publicera</Publish>
          <Administer>Administrera</Administer>
          <FullAccess>Alla rättigheter</FullAccess>
          <Undefined>Odefinierat</Undefined>
        </accesslevels>
        <changeapprovalcomponent>
          <title>Godkänna ändringar</title>
          <description>Visa lista på ändringar som måste granskas.</description>
        </changeapprovalcomponent>
        <approvalcommandview>
          <description>Detaljerad information om ändringen.</description>
          <changeapproval>Godkänna ändringar</changeapproval>
          <close>Stäng</close>
          <donothaveaccessright>Du har inte rättigheter att se det här innehållet.</donothaveaccessright>
          <status>
            <accepted>Ändringar godkändes</accepted>
            <declined>Ändringar nekades</declined>
            <canceled>Ändringar avbröts</canceled>
            <pending>Under granskning</pending>
            <awaitingapproval>Väntar på din granskning</awaitingapproval>
          </status>
          <titles>
            <security>Rättighetsändring</security>
            <language>Språkändring</language>
            <moving>Positionsändring</moving>
            <expirationdate>Ändring av utgångsdatum</expirationdate>
          </titles>
          <approvalmenu>
            <label>
              <option>Alternativ</option>
              <approve>Godkänn?</approve>
            </label>
            <approvalinfo>
              <approvalmissing>Någonting gick fel med granskningsflödet. Avbryt flödet och försök igen, eller kontakta en administratör.</approvalmissing>
              <invalidcommanddata>Någonting gick fel med granskningsflödet. Avbryt flödet och försök igen, eller kontakta en administratör.</invalidcommanddata>
              <requestedby>Begärt av {username}, {time}</requestedby>
              <stepinfo>Just nu i steg {activeStepIndex} av {totalsteps}</stepinfo>
              <timepassed>Under granskning sedan: &lt;br/&gt; &lt;strong&gt;{timepassed}&lt;/strong&gt;</timepassed>
            </approvalinfo>
            <acceptedapproval>Ändringar godkändes av {username},&lt;br/&gt; {time}</acceptedapproval>
            <rejectedapproval>Ändringar nekades av {username},&lt;br/&gt; {time}</rejectedapproval>
            <lastchangestatus>Senast ändrad av {username},&lt;br/&gt;för {timepassed} sedan.</lastchangestatus>
          </approvalmenu>
        </approvalcommandview>
        <languagesettingcommand>
          <yes>Ja</yes>
          <no>Nej</no>
          <none>Ingen</none>
          <inheritsettingsfromtheparentpage>Ärv inställningar från överordnad sida</inheritsettingsfromtheparentpage>
          <availablelanguages>Tillgängliga språk</availablelanguages>
          <fallbacklanguages>Reservspråk</fallbacklanguages>
          <replacementlanguages>Ersättningsspråk</replacementlanguages>
          <notificationmessage>
            <started>Ändringar av språkinställningar väntar på ditt godkännande</started>
            <approved>Dina ändrade språkinställningar har godkänts</approved>
            <rejected>Dina ändrade språkinställningar har nekats av {0}</rejected>
            <canceled>Granskningen avbröts av {0}</canceled>
            <forced>Hela granskningen har godkänts av {0}</forced>
            <aborted see="/episerver/changeapproval/languagesettingcommand/notificationmessage/canceled"></aborted>
        </notificationmessage>
        </languagesettingcommand>
        <securitysettingcommand>
          <yes>Ja</yes>
          <no>Nej</no>
          <inheritsettingsfromtheparentpage>Ärv inställningar</inheritsettingsfromtheparentpage>
          <accessrolecontrol>Åtkomstkontrollista</accessrolecontrol>
          <applytosubitems>Tillämpade på alla underordnade objekt</applytosubitems>
          <notificationmessage>
            <started>Ändringar av användarrättigheter väntar på din granskning</started>
            <approved>Dina ändringar av användarrättigheter har godkänts</approved>
            <rejected>Dina ändringar av användarrättigheter har nekats av {0}</rejected>
            <canceled>Granskningen avbröts av {0}</canceled>
            <forced>Hela granskningen har godkänts av {0}</forced>
            <aborted see="/episerver/changeapproval/securitysettingcommand/notificationmessage/canceled"></aborted>
          </notificationmessage>
        </securitysettingcommand>
        <expirationdatesettingcommand>
          <pagearchivelink>Arkivera till</pagearchivelink>
          <pagestoppublish>Utgångsdatum</pagestoppublish>
          <notificationmessage>
            <started>Ändringar av utgångsdatum väntar på din granskning</started>
            <approved>Dina ändringar av utgångsdatum har godkänts</approved>
            <rejected>Dina ändringar av utgångsdatum har nekats av {0}</rejected>
            <canceled>Granskningen avbröts av {0}</canceled>
            <forced>Hela granskningen har godkänts av {0}</forced>
            <aborted see="/episerver/changeapproval/expirationdatesettingcommand/notificationmessage/canceled"></aborted>
          </notificationmessage>
          <contentnotavailable>[Platsen är inte längre tillgänglig]</contentnotavailable>
        </expirationdatesettingcommand>
        <movingcontentcommand>
          <path>Sökväg</path>
          <notificationmessage>
            <started>En förflyttning av ett objekt väntar på din granskning</started>
            <approved>Förflyttningen av det här objektet har godkänts</approved>
            <rejected>Förflyttningen av det här objektet har nekats av {0}</rejected>
            <canceled>Granskningen avbröts av {0}</canceled>
            <forced>Hela granskningen har godkänts av  {0}</forced>
            <aborted see="/episerver/changeapproval/movingcontentcommand/notificationmessage/canceled"></aborted>
          </notificationmessage>
          <contentnotavailable>[Platsen är inte längre tillgänglig]</contentnotavailable>
        </movingcontentcommand>
        <gridcommanddetail>
          <column>
            <name>Namn</name>
            <currentversion>Nuvarande version</currentversion>
            <suggestedversion>Föreslagen version</suggestedversion>
          </column>
        </gridcommanddetail>
        <interceptui>
          <ongoingapprovalmessages>
            <security>Ändringar av användarrättigheter för det här innehållet är just nu under granskning. Nya ändringar kan inte göras förrän nuvarande ändringar godkänts eller nekats.</security>
            <language>Språkändringar för det här innehållet är just nu under granskning. Nya ändringar kan inte göras förrän nuvarande ändringar godkänts eller nekats.</language>
            <moving>Ändringar av position i strukturen för det här innehållet är just nu under granskning. Nya ändringar kan inte göras förrän nuvarande ändringar godkänts eller nekats.</moving>
            <expirationdate>Ändringar av utgångsdatum för det här innehållet är just nu under granskning. Nya ändringar kan inte göras förrän nuvarande ändringar godkänts eller nekats.</expirationdate>
            <general>Ändringar av inställningar för det här innehållet är just nu under granskning. Nya ändringar kan inte göras förrän nuvarande ändringar godkänts eller nekats.</general>
          </ongoingapprovalmessages>
          <languagewaitingforapproval>Granskning av språkinställning</languagewaitingforapproval>
          <securitywaitingforapproval>Granskning av användarrättigheter</securitywaitingforapproval>
          <existingcommand>Ändringar av inställningar för det här innehållet är just nu under granskning. Nya ändringar kan inte göras förrän nuvarande ändringar godkänts eller nekats.</existingcommand>
          <changedetaillink>Ändringsdetaljer</changedetaillink>
          <messagesentforreviewrequest>Dina ändringar har sparats och skickats för granskning. Ändringarna genomförs så snart de godkänts.</messagesentforreviewrequest>
          <movingcontent>
                <existingcommand>Ändringar till {0} är just nu under granskning. Nya ändringar kan inte göras förrän nuvarande ändringar godkänts eller nekats.</existingcommand>
                <messagesentforreviewrequest>Din förflyttning av {0} till en ny plats i strukturen har sparats och skickats för granskning. Flytten genomförs så snart den godkänts.</messagesentforreviewrequest>
          </movingcontent>
        </interceptui>
      </changeapproval>
    </episerver>
  </language>
</languages>
