<?xml version="1.0" encoding="utf-8" ?> <languages>
  <language name="español" id="es">
      <changelog>
        <activitytypes>
            <changeapproval>
                <approve>Aprobar</approve>
                <approvestep>Aprobar el paso</approvestep>
                <description>Aprobación del cambio</description>
                <reject>Rechazar</reject>
                <rejectstep>Rechazar el paso</rejectstep>
            </changeapproval>
        </activitytypes>
    </changelog>
    <episerver>
      <changeapproval>
        <uinotification>
          <contentdeleted>El contenido de esta notificación se ha eliminado</contentdeleted>
          <stepcountoftotalsteps>Paso {0} de {1}</stepcountoftotalsteps>
          <requestedby>Solicitado por {0}</requestedby>
          <donothaveaccessright>{0} ha realizado una acción en un elemento para el que no tiene derechos de acceso.</donothaveaccessright>
        </uinotification>
          <inreviewmessagebar>
              <securitysettingcommand>Los derechos de Acceso modificado para este contenido están en revisión. No se pueden realizar cambios hasta que no se aprueben o rechacen.</securitysettingcommand>
              <languagesettingcommand>La configuración de los idiomas modificada para este contenido está en revisión. No se pueden realizar cambios hasta que no se aprueben o rechacen.</languagesettingcommand>
              <movingcontentcommand>La configuración jerárquica modificada para este contenido está en revisión. No se pueden realizar cambios hasta que no se aprueben o rechacen.</movingcontentcommand>
              <expirationdatesettingcommand>La configuración del vencimiento modificada para este contenido en {language} está en revisión. No se pueden realizar cambios hasta que no se aprueben o rechacen.</expirationdatesettingcommand>
          </inreviewmessagebar>
        <decision>
          <approved>aprobado</approved>
          <declined>rechazado</declined>
        </decision>
        <errormessage>
          <approvalcommandnotfound>Comando no encontrado.</approvalcommandnotfound>
          <approvalhaschangedstatus>Esta aprobación ya no está en revisión. Vuelva a cargar la página.</approvalhaschangedstatus>
          <approvalcommandinvalid>Este comando no está disponible para su aprobación.</approvalcommandinvalid>
          <approvalcommentrequired>La secuencia de aprobación requiere un comentario.</approvalcommentrequired>
          <nochangeapprovalfound>No se ha encontrado ninguna revisión en curso para este contenido.</nochangeapprovalfound>
        </errormessage>
        <command>
          <approvechanges>
            <label>Aprobar los cambios</label>
            <title>Aprobar los cambios</title>
            <placeholder>Indique las razones por las que está aprobando los cambios…</placeholder>
            <confirmactiontext>Aprobar los cambios</confirmactiontext>
          </approvechanges>
          <rejectchanges>
            <label>Rechazar cambios</label>
            <title>Rechazar cambios</title>
            <placeholder>Indique las razones por las que está rechazando los cambios…</placeholder>
            <confirmactiontext>Rechazar cambios</confirmactiontext>
          </rejectchanges>
          <forcecomplete>
            <label>Aprobar toda la secuencia de aprobación</label>
            <title>Aprobar toda la secuencia de aprobación</title>
            <description>¿Está seguro de que desea aprobar toda la secuencia de aprobación? Esto aprobará todos los pasos restantes. Esta acción no se puede deshacer.</description>
            <placeholder>Indique por qué está forzando la aprobación de los cambios…</placeholder>
            <confirmactiontext>Secuencias de aprobación</confirmactiontext>
          </forcecomplete>
          <cancel>
            <label>Cancelar solicitud de revisión</label>
          </cancel>
        </command>
        <accesslevels>
          <NoAccess>Sin acceso</NoAccess>
          <Read>Lectura</Read>
          <Create>Crear</Create>
          <Edit>Cambiar</Edit>
          <Delete>Eliminar</Delete>
          <Publish>Publicar</Publish>
          <Administer>Administrar</Administer>
          <FullAccess>Acceso total</FullAccess>
          <Undefined>Sin definir</Undefined>
        </accesslevels>
        <changeapprovalcomponent>
          <title>Aprobación del cambio</title>
          <description>Mostrar lista de comandos que deben ser aprobados.</description>
        </changeapprovalcomponent>
        <approvalcommandview>
          <description>Detalla la información del comando.</description>
          <changeapproval>Aprobación del cambio</changeapproval>
          <close>Cerrar</close>
          <donothaveaccessright>No dispone de derecho de acceso para ver este contenido.</donothaveaccessright>
          <status>
            <accepted>Los cambios fueron aprobados</accepted>
            <declined>Los cambios fueron rechazados</declined>
            <canceled>Los cambios fueron cancelados</canceled>
            <pending>En revisión</pending>
            <awaitingapproval>A la espera de su revisión</awaitingapproval>
          </status>
          <titles>
            <security>Cambio de seguridad</security>
            <language>Cambio de la configuración de idiomas</language>
            <moving>Cambio jerárquico del contenido</moving>
            <expirationdate>Cambio del vencimiento</expirationdate>
          </titles>
          <approvalmenu>
            <label>
              <option>Opciones</option>
              <approve>¿Aprobar?</approve>
            </label>
            <approvalinfo>
              <approvalmissing>Ha ocurrido algún error con la secuencia de aprobación. Aborte y vuelva a intentarlo, o póngase en contacto con un administrador.</approvalmissing>
              <invalidcommanddata>Ha ocurrido algún error con la secuencia de aprobación. Cancele o rechácelo y vuelva a intentarlo, o póngase en contacto con un administrador.</invalidcommanddata>
              <requestedby>Solicitado por {username}, {time}</requestedby>
              <stepinfo>Actualmente en el paso {activeStepIndex} de {totalsteps}</stepinfo>
              <timepassed>En revisión por: &lt;br/&gt; &lt;strong&gt;{timepassed}&lt;/strong&gt;</timepassed>
            </approvalinfo>
            <acceptedapproval>Cambios aprobados por {username},&lt;br/&gt; {time}</acceptedapproval>
            <rejectedapproval>Cambios rechazados por {username},&lt;br/&gt; {time}</rejectedapproval>
            <lastchangestatus>Último cambio realizado por {username}, hace &lt;br/&gt;{timepassed}.</lastchangestatus>
          </approvalmenu>
        </approvalcommandview>
        <languagesettingcommand>
          <yes>Sí</yes>
          <no>No</no>
          <none>Ninguno</none>
          <inheritsettingsfromtheparentpage>Heredar configuración de la página principal</inheritsettingsfromtheparentpage>
          <availablelanguages>Idiomas disponibles</availablelanguages>
          <fallbacklanguages>Idiomas de reserva</fallbacklanguages>
          <replacementlanguages>Idiomas de sustitución</replacementlanguages>
          <notificationmessage>
            <started>Los cambios en la configuración de idiomas están a la espera de su revisión</started>
            <approved>Su solicitud para cambiar la configuración de idiomas ha sido aprobada</approved>
            <rejected>La solicitud para cambiar la configuración de idiomas ha sido rechazada por {0}</rejected>
            <canceled>La solicitud de revisión ha sido cancelada por {0}</canceled>
            <forced>Toda la secuencia de aprobación ha sido aprobada por {0}</forced>
            <aborted see="/episerver/changeapproval/languagesettingcommand/notificationmessage/canceled"/>
        </notificationmessage>
        </languagesettingcommand>
        <securitysettingcommand>
          <yes>Sí</yes>
          <no>No</no>
          <inheritsettingsfromtheparentpage>Heredar configuración</inheritsettingsfromtheparentpage>
          <accessrolecontrol>Acceder a la lista de control</accessrolecontrol>
          <applytosubitems>Aplicado a todos los subelementos</applytosubitems>
          <notificationmessage>
            <started>Los cambios en la configuración de la seguridad están a la espera de su revisión</started>
            <approved>Su solicitud para cambiar la configuración de la seguridad ha sido aprobada</approved>
            <rejected>La solicitud para cambiar la configuración de la seguridad ha sido rechazada por {0}</rejected>
            <canceled>La solicitud de revisión ha sido cancelada por {0}</canceled>
            <forced>Toda la secuencia de aprobación ha sido aprobada por {0}</forced>
            <aborted see="/episerver/changeapproval/securitysettingcommand/notificationmessage/canceled"/>
          </notificationmessage>
        </securitysettingcommand>
        <expirationdatesettingcommand>
          <pagearchivelink>Archivar en</pagearchivelink>
          <pagestoppublish>Fecha de vencimiento</pagestoppublish>
          <notificationmessage>
            <started>Los cambios en la configuración del vencimiento están a la espera de su revisión</started>
            <approved>Su solicitud para cambiar la configuración del vencimiento ha sido aprobada</approved>
            <rejected>La solicitud para cambiar la configuración del vencimiento ha sido rechazada por {0}</rejected>
            <canceled>La solicitud de revisión ha sido cancelada por {0}</canceled>
            <forced>Toda la secuencia de aprobación ha sido aprobada por {0}</forced>
            <aborted see="/episerver/changeapproval/expirationdatesettingcommand/notificationmessage/canceled"/>
          </notificationmessage>
          <contentnotavailable>[La ubicación ya no está disponible]</contentnotavailable>
        </expirationdatesettingcommand>
        <movingcontentcommand>
          <path>Ruta de acceso</path>
          <notificationmessage>
            <started>Un cambio jerárquico está a la espera de su revisión</started>
            <approved>Su solicitud para mover este elemento ha sido aprobada</approved>
            <rejected>La solicitud para mover este elemento ha sido rechazada por {0}</rejected>
            <canceled>La solicitud de revisión ha sido cancelada por {0}</canceled>
            <forced>Toda la secuencia de aprobación ha sido aprobada por {0}</forced>
            <aborted see="/episerver/changeapproval/movingcontentcommand/notificationmessage/canceled"/>
          </notificationmessage>
          <contentnotavailable>[La ubicación ya no está disponible]</contentnotavailable>
        </movingcontentcommand>
        <gridcommanddetail>
          <column>
            <name>Nombre</name>
            <currentversion>Versión actual</currentversion>
            <suggestedversion>Versión sugerida</suggestedversion>
          </column>
        </gridcommanddetail>
        <interceptui>
          <ongoingapprovalmessages>
            <security>Los derechos de Acceso modificado para este contenido están en revisión. No se pueden realizar cambios hasta que no se aprueben o rechacen.</security>
            <language>La configuración de los idiomas modificada para este contenido está en revisión. No se pueden realizar cambios hasta que no se aprueben o rechacen.</language>
            <moving>La configuración jerárquica modificada para este contenido está en revisión. No se pueden realizar cambios hasta que no se aprueben o rechacen.</moving>
            <expirationdate>La configuración del vencimiento modificada para este contenido está en revisión. No se pueden realizar cambios hasta que no se aprueben o rechacen.</expirationdate>
            <general>Actualmente la configuración de este contenido está en revisión. No se pueden realizar cambios nuevos hasta que no se aprueben o rechacen los cambios actuales.</general>
          </ongoingapprovalmessages>
          <languagewaitingforapproval>Aprobación de la configuración de idiomas</languagewaitingforapproval>
          <securitywaitingforapproval>Aprobación de la configuración de seguridad</securitywaitingforapproval>
          <existingcommand>Actualmente la configuración de este contenido está en revisión. No se pueden realizar cambios nuevos hasta que no se aprueben o rechacen los cambios actuales.</existingcommand>
          <changedetaillink>Cambiar detalles</changedetaillink>
          <messagesentforreviewrequest>Los cambios se han guardado y se han enviado para su aprobación. Los cambios entrarán en vigor una vez que hayan sido aprobados.</messagesentforreviewrequest>
          <movingcontent>
                <existingcommand>Actualmente la configuración de {0} está en revisión. No se pueden realizar cambios nuevos hasta que no se aprueben o rechacen los cambios actuales.</existingcommand>
                <messagesentforreviewrequest>Se ha guardado su solicitud de mover {0} a una nueva jerarquía y se ha enviado para su aprobación. Este cambio entrará en vigor una vez que haya sido aprobado.</messagesentforreviewrequest>
          </movingcontent>
        </interceptui>
      </changeapproval>
    </episerver>
  </language>
</languages>
