﻿<?xml version="1.0" encoding="utf-8" standalone="yes"?>
<languages>
    <language name="English" id="en">
        <socialreach>
            <providers>
                <facebook>
                    <defaultsocialchannelaccountname>Facebook page</defaultsocialchannelaccountname>
                </facebook>
                <twitter>
                    <unauthorized>Your login account could not be authenticated. Please try again later.</unauthorized>
                </twitter>
            </providers>
        </socialreach>
    </language>
</languages>